End of Year,Total Membership,Children of Record,Baptisms of Children of Record,Convert Baptisms,Total Baptisms,Convert Children of Record,Births to Active Members,Mormon Birth Rate,Mormon Death Rate,Mormon Life Expectancy,Birth Rate (Fractional),Children per Woman,Female/Male Ratio,Stakes,Missions,Wards and Branches,Wards and Branches in Stakes,Branches,Wards,Branches in Stakes,Branches in Missions,Members in Stakes,Members in Missions,Members per Ward,Sunday School Attendance,Full Time Missionaries,New Missionaries,Average Mission Length (years),New Senior Missionaries,New Male Missionaries,New Female Missionaries,Total Senior Missionaries,Total Male Missionaries,Total Female Missionaries,15 Y/O,16 Y/O,17 Y/O,18 Y/O,19 Y/O,Seminary Enrollment,Activity by Births,Activity by Ward Size,Activity by Stake Size,Activity by Sunday School Attendance,Activity by Missionaries,Activity by Seminary Enrollment,Activity Rate,Gone Inactive,Active Mormons,Inactive Mormons,Deaths of Active Members,Inactives who reach Age 110,Record Adjustments,"Names Removed
Raw",Manual Corrections,Cumulative Corrections,Names Removed,Former Mormons
1830,6,0,0,6,6,0,0,57.6,50,39.5,1.0576,6.5,0.5,0,0,0,0,0,0,0,0,,,,,,,,,,,,,,,,,,,,,,,,,,100,0,6,0,0,0,,,,,0,0
1830,280,40,0,274,274,32,8,57.6,50,39.5,1.0428,6.5,0.5,0,0,4,0,0,0,0,0,,,,,,16,1.86,,,,,,,,,,,,,,,,,,,96.8,9,271,9,7,0,,,,,1,1
1831,680,74,13,398,411,46,28,58.4,50,39.5,1.0428,6.59,0.5,0,0,6,0,0,0,0,0,,,,,,58,1.86,,,,,,,,,,,,,,,,,,,95.6,21,650,30,23,0,,,,,3,3
1832,2661,330,22,1974,1996,231,99,59.2,50,39.5,1.0428,6.68,0.5,0,0,33,0,0,0,0,0,,,,,,72,1.86,,,,,,,,,,,,,,,,,,,95.8,82,2550,111,80,0,,,,,12,14
1833,3140,227,64,455,519,53,174,60,50,39.5,1.0429,6.77,0.5,0,0,40,0,0,0,0,0,,,,,,41,1.86,,,,,,,,,,,,,,,,,,,93.6,97,2938,202,136,0,,,,,14,27
1834,4372,368,59,1198,1257,140,228,60.8,50,39.5,1.0429,6.86,0.5,2,0,40,22,18,22,0,18,,,,,,111,1.86,,,,,,,,,,,,,,,,,,,92.5,136,4044,328,174,0,,,,,20,45
1835,8835,922,69,4404,4473,515,407,61.6,50,39.5,1.0428,6.95,0.5,2,0,48,22,26,22,0,26,,,,,,84,1.86,,,,,,,,,,,,,,,,,,,93.4,274,8249,586,308,0,,,,,40,82
1836,13293,1198,119,4342,4461,508,690,62.4,50,39.5,1.0427,7.04,0.5,2,0,54,25,29,25,0,29,,,,,,80,1.86,,,,,,,,,,,,,,,,,,,92.7,412,12324,969,513,0,,,,,61,138
1837,16282,1263,154,2802,2956,328,935,63.2,50,39.5,1.0426,7.13,0.5,2,1,67,25,42,25,0,42,,,,,123,52,1.86,,,,,,,,,,,,,,,,,,,91.2,505,14856,1426,674,0,,,,,74,205
1838,17881,1251,223,1350,1573,158,1093,64,50,39.5,1.0426,7.22,0.5,2,1,91,26,65,26,0,65,,,,,63,16,1.86,,,,,,,,,,,,,,,,,,,89.3,554,15972,1909,763,0,,,,,81,275
1839,16460,1195,262,703,965,82,1113,64.8,50,39.5,1.0425,7.31,0.5,3,2,86,16,70,16,0,70,,,,,77,67,1.86,,,,,,,,,,,,,,,,,,,85.9,510,14136,2324,737,0,,,,,2500,2761
1840,16865,1152,517,510,1027,59,1093,65.6,50,39.5,1.0424,7.4,0.5,3,2,87,18,69,18,0,69,,,,,137,80,1.86,,,,,,,,,,,,,,,,,,,83.8,523,14134,2731,698,0,,,,,500,3122
1841,19856,1509,398,2651,3049,310,1199,65.3,50,39.5,1.0423,7.41,0.4969,2,2,103,19,84,19,0,84,,,,,167,100,1.86,,,,,,,,,,,,,,,,,,,83.8,616,16646,3210,769,0,,,,,90,3055
1842,23564,1797,564,3318,3882,388,1409,64.9,50,39.5,1.0423,7.42,0.4937,2,2,225,26,199,26,0,199,,,,,135,45,1.86,,,,,,,,,,,,,,,,,,,84,730,19784,3780,912,0,,,,,107,3009
1843,25980,1829,1138,1963,3101,229,1600,64.6,50,39.5,1.0422,7.43,0.4906,2,2,269,31,238,31,0,238,,,,,390,374,1.86,,,,,,,,,,,,,,,,,,,83.1,805,21584,4396,1029,0,,,,,118,2976
1844,26146,1973,1383,2544,3927,297,1676,64.3,50,39.5,1.0422,7.44,0.4875,2,3,272,33,239,33,0,239,,,,,893,586,1.86,,,,,,,,,,,,,,,,,,,80.9,811,21159,4987,1054,0,,,,,3000,5827
1845,30332,2236,1430,3665,5095,429,1807,64,50,39.5,1.0422,7.45,0.4844,1,4,311,34,277,34,0,277,,,,,623,84,1.86,,,,,,,,,,,,,,,,,,,81.3,940,24654,5678,1148,0,,,,,138,5673
1846,33993,2405,1426,3073,4499,359,2046,63.6,50,39.5,1.0423,7.46,0.4812,0,5,341,30,311,30,0,311,,,,,108,32,1.86,,,,,,,,,,,,,,,,,,,81,1054,27545,6448,1303,0,,,,,155,5544
1847,34694,2394,1384,1887,3271,220,2174,63.3,50,39.5,1.0423,7.47,0.4781,1,5,405,48,357,48,0,357,,,,,67,40,1.86,,,,,,,,,,,,,,,,,,,79.2,1076,27492,7202,1360,0,,,,,2000,7266
1848,40477,2965,1355,5102,6457,597,2368,63,50,39.5,1.0424,7.48,0.475,1,5,481,55,426,55,0,426,,,,,88,55,1.86,,,,,,,726,680,613,596,584,,,,,,,,80,1255,32380,8097,1503,0,,,,,184,7086
1849,48160,3584,1763,6921,8684,810,2774,62.6,50,39.5,1.0425,7.49,0.4718,1,5,590,75,515,75,0,515,,,,,105,58,1.86,,,,,,,869,818,772,705,688,,,,,,,,80.9,1493,38975,9185,1793,0,,,,,219,6950
1850,51839,3443,2093,2802,4895,328,3115,62.3,50,39.5,1.0426,7.5,0.4687,1,9,698,61,637,61,0,637,,,,,100,50,1.86,,,,,,,1072,906,856,809,743,,,,,,,,80.1,1607,41506,10333,2002,0,,,,,236,6838
1851,52165,3469,2112,2138,4250,250,3219,61.9,50,39.9,1.0431,7.489,0.4715,4,11,777,60,717,60,0,717,,,,,87,44,1.86,,,,,,,1322,1101,935,884,837,,,,,,,,78.1,1617,40732,11433,2031,0,,,,,3000,9496
1852,52640,3491,2252,2246,4498,263,3228,61.6,50,40.3,1.0437,7.478,0.4744,5,13,860,65,795,65,0,795,,,,,188,158,1.86,,,,,,,1537,1352,1131,965,914,,,,,,,,76.3,1632,40147,12493,1999,0,,,,,3000,12021
1853,64154,4811,2519,10515,13034,1231,3580,61.3,50,40.7,1.0442,7.467,0.4772,5,14,960,75,885,75,0,885,,,,,178,33,1.86,,,,,,,1798,1676,1492,1270,1105,,,,,,,,78.4,1989,50297,13857,2289,0,,,,,292,11711
1854,68429,4409,2755,3118,5873,365,4044,61,50,41.1,1.0448,7.456,0.4801,6,13,938,79,859,79,0,859,,,,,141,119,1.86,,,,,,,1844,1840,1718,1533,1312,,,,,,,,77.7,2121,53144,15285,2575,0,,,,,312,11437
1855,63974,4278,2775,2334,5109,273,4005,60.5,50,41.6,1.0454,7.445,0.4829,6,14,957,99,858,99,0,858,,,,,171,65,1.86,,,,,,,1847,1875,1871,1749,1564,,,,,,,,84.4,1983,53970,10004,2794,0,,,,,8000,18865
1856,63881,4053,3350,1757,5107,205,3848,60.2,50,42,1.046,7.434,0.4857,7,12,965,124,841,124,0,841,,,,,181,130,1.86,,,,,,,1976,1871,1898,1894,1772,,,,,,,,84.4,1980,53897,9984,2698,0,,,,,3000,20921
1857,55236,3886,3991,2720,6711,318,3568,59.9,50,42.4,1.0466,7.423,0.4886,6,12,819,77,742,77,0,742,,,,,203,88,1.86,,,,,,,2193,2012,1907,1935,1930,,,,,,,,98.5,1712,54380,856,2933,0,,,,,12000,31874
1858,55755,3525,3785,1858,5643,217,3308,59.6,50,42.8,1.0472,7.412,0.4914,4,9,742,81,661,81,0,661,,,,,82,0,1.86,,,,,,,2364,2217,2037,1931,1959,,,,,,,,95.4,1728,53214,2541,2647,0,,,,,2000,32280
1859,57038,3410,3790,570,4360,66,3344,59.3,42.1,43.2,1.0478,7.401,0.4943,4,9,733,98,635,98,0,635,,,,,17,18,1.86,,,,,,,2421,2371,2225,2044,1939,,,,,,,,92.6,1768,52836,4202,2199,0,,878,-871,-871,7,30928
1860,61082,3556,3785,611,4396,71,3485,59,45.1,43.6,1.0484,7.39,0.4971,4,8,721,110,611,110,0,611,,,,,106,96,1.86,,,,,,,2526,2429,2379,2233,2053,,,,,,,,90.3,1894,55176,5906,2405,0,,-2053,2061,1190,8,29541
1861,66211,3839,5080,662,5742,77,3762,59.1,41.9,43.8,1.0487,7.4439,0.4966,4,7,714,126,588,126,0,588,,,,,107,19,1.86,,,,,,,2735,2535,2438,2388,2242,,,,,,,,88.4,2053,58499,7712,2357,0,,-1744,1752,2942,8,28311
1862,68780,4076,4561,688,5249,80,3996,59.2,39.9,43.9,1.0489,7.4868,0.496,4,7,698,135,563,135,0,563,,,,,43,27,1.86,,,,,,,2831,2744,2544,2447,2397,,,,,,,,86.1,2132,59244,9536,2319,0,,361,-352,2590,9,27190
1863,71770,4244,4400,718,5118,84,4160,59.2,38.6,44.1,1.0491,7.5297,0.4955,4,7,667,143,524,143,0,524,,,,,72,50,1.86,,,,,,,3010,2841,2753,2554,2457,,,,,,,,84.1,2225,60377,11393,2281,0,,-153,162,2752,9,26149
1864,74348,4427,4155,743,4898,87,4340,59.4,36.9,44.2,1.0493,7.5726,0.4949,4,8,632,161,471,161,0,471,,,,,95,52,1.86,,,,,,,3354,3020,2850,2763,2564,,,,,,,,82.1,2305,61070,13278,2213,0,,107,-98,2654,9,25193
1865,76771,4577,3975,768,4743,89,4488,59.4,35.1,44.4,1.0495,7.6155,0.4944,4,8,600,164,436,164,0,436,,,,,114,71,1.86,,,,,,,3607,3364,3030,2861,2773,,,,,,,,80.2,2380,61579,15192,2127,0,,193,-183,2471,10,24318
1866,77884,4684,3592,779,4371,91,4593,59.4,34.1,44.6,1.0497,7.6584,0.4938,4,8,587,167,420,167,0,420,,,,,96,32,1.86,,,,,,,3683,3618,3374,3041,2871,,,,,,,,78.1,2414,60796,17088,2059,0,,1199,-1189,1282,10,23498
1867,81124,4824,3465,811,4276,94,4730,59.5,32.7,44.7,1.0498,7.7013,0.4933,4,8,582,175,407,175,0,407,,,,,153,133,1.86,,,,,,,3672,3694,3628,3385,3051,,,,,,,,76.5,2515,62080,19044,1989,0,,-953,963,2245,10,22739
1868,84622,5030,3612,846,4458,99,4931,59.5,31,44.9,1.0499,7.7442,0.4927,5,8,563,178,385,178,0,385,,,,,153,32,1.86,,,,,,,4003,3683,3705,3640,3396,,,,,,,,75.1,2623,63545,21077,1929,0,,-969,980,3225,11,22045
1869,88432,5260,3896,884,4780,103,5157,59.6,29.4,45,1.05,7.7871,0.4922,9,7,570,187,383,187,0,383,,,,,262,250,1.86,,,,,,,4326,4015,3695,3717,3651,,,,,,,,73.8,2741,65234,23198,1877,0,,-907,918,4143,11,21407
1870,90130,5426,4134,901,5035,105,5321,59.6,28.2,45.2,1.0501,7.83,0.4916,9,7,558,195,363,195,0,363,,,,,275,46,1.86,,,,,,,4254,4338,4027,3707,3729,,,,,,,,71.9,2794,64792,25338,1810,0,,1527,-1515,2628,12,20815
1871,95596,5692,4303,956,5259,111,5581,60.1,26.8,44.7,1.0501,7.828,0.4903,9,7,542,200,342,200,0,342,,,,,198,167,1.86,,,,,,,4077,4267,4351,4040,3720,,,,,,,,71.1,2963,67974,27622,1769,0,,-1976,1988,4616,12,20269
1872,98152,5975,4487,982,5469,114,5861,60.5,25.5,44.3,1.05,7.826,0.489,9,7,553,206,347,206,0,347,,,,,278,132,1.86,,,,,,,3785,4090,4280,4364,4053,,,,,,,,69.5,3043,68191,29961,1717,0,,1196,-1183,3433,13,19765
1873,101538,6209,4638,1015,5653,118,6091,61,24.6,43.8,1.0499,7.824,0.4878,9,7,561,213,348,213,0,348,,,,,155,35,1.86,,,,,,,3500,3799,4103,4293,4377,,,,,,,,68.1,3148,69166,32372,1673,0,,594,-581,2852,13,19291
1874,103916,6439,4746,1039,5785,121,6318,61.5,25.6,43.3,1.0498,7.822,0.4865,10,7,525,216,309,216,0,309,,,,,124,98,1.86,,,,,,,3523,3514,3812,4117,4307,,,,,,,,66.5,3221,69152,34764,1749,0,,1658,-1645,1207,13,18810
1875,107167,6658,4887,1072,5959,125,6533,61.9,25.5,42.9,1.0496,7.82,0.4852,10,7,524,222,302,222,0,302,,,,,274,197,1.86,,,,,,,3671,3538,3528,3827,4131,,,,,,,,65.3,3322,69967,37200,1757,0,,951,-937,270,14,18344
1876,111111,6951,5094,1111,6205,130,6821,62.5,25.7,42.4,1.0494,7.818,0.4839,10,8,537,230,307,230,0,307,,,,,379,211,1.86,,,,,,,3955,3686,3553,3543,3841,,,,,,,,64.3,3444,71423,39688,1804,0,,457,-443,-173,14,17886
1877,115065,7259,5325,1151,6476,134,7125,63,25.4,41.9,1.0492,7.816,0.4826,20,8,537,252,285,252,0,285,,,,,339,154,1.86,,,,,,,4196,3971,3702,3568,3558,,,,,,,,63.3,3567,72818,42247,1818,0,,704,-689,-862,15,17446
1878,125046,7782,5494,1250,6744,146,7636,63.6,24.2,41.4,1.0489,7.814,0.4814,21,9,526,254,272,254,0,272,,,,,285,152,1.86,,,,,,,4368,4213,3987,3718,3584,,,,,,,,63.9,3876,79945,45101,1857,0,,-5094,5110,4248,16,17039
1879,128386,8260,5761,1284,7045,150,8110,64,22.8,41,1.0486,7.812,0.4801,22,10,552,263,289,263,0,289,,,,,308,179,1.86,,,,,,,4556,4385,4230,4005,3735,,,,,,,,62.6,3980,80333,48053,1809,0,,1896,-1880,2368,16,16666
1880,133628,8619,6046,1336,7382,156,8463,64.6,22,40.5,1.0482,7.81,0.4788,23,10,559,272,287,272,0,287,,,,,370,219,1.86,,,,,,,4712,4574,4403,4248,4022,,,,,,,,61.7,4142,82490,51138,1778,0,,362,-345,2023,17,16316
1881,140733,8820,6282,1407,7689,164,8656,63.1,21.3,41.1,1.0481,7.758,0.4778,23,10,576,283,293,283,0,293,,,,,389,199,1.86,,,,,,,4826,4731,4592,4422,4266,,,,,,,,61.3,4363,86321,54412,1791,0,,-1207,1225,3248,18,15986
1882,145604,8975,6514,1456,7970,170,8805,61.5,20.5,41.8,1.048,7.706,0.4768,24,10,583,292,291,292,0,291,,,,,405,237,1.86,,,,,,,4972,4845,4750,4612,4441,,,,,,,,60.3,4514,87793,57811,1770,0,,1329,-1310,1938,19,15677
1883,151593,9108,6735,1516,8251,177,8931,60.1,20,42.4,1.0479,7.654,0.4758,27,11,609,317,292,317,0,292,,,,,451,248,1.86,,,,,,,5183,4992,4865,4770,4632,,,,,,,,59.5,4699,90239,61354,1768,0,,494,-475,1463,19,15382
1884,158242,9294,7031,1582,8613,185,9109,58.8,19.2,43,1.0477,7.602,0.4748,29,13,636,340,296,340,0,296,,,,,421,205,1.86,,,,,,,5419,5204,5013,4886,4791,,,,,,,,58.9,4906,93160,65082,1752,0,,212,-192,1271,20,15106
1885,164130,9428,7341,1641,8982,192,9236,57.3,18.4,43.7,1.0475,7.55,0.4738,29,12,659,348,311,348,0,311,,,,,409,235,1.86,,,,,,,5593,5441,5226,5035,4908,,,,,,,,58,5088,95158,68972,1720,104,,1270,-1249,22,21,14849
1886,166653,9457,7865,1667,9532,195,9262,56,18.1,44.3,1.0473,7.498,0.4728,30,12,657,342,315,342,0,315,,,,,413,209,1.86,,,,,,,5864,5615,5463,5248,5057,,,,,,,,56.3,5166,93763,72890,1685,132,,5192,-5170,-5148,22,14602
1887,173029,9509,8345,1730,10075,202,9307,54.8,17.5,44.9,1.0471,7.446,0.4718,31,12,686,360,326,360,0,326,,,,,457,282,1.86,,,,,,,6155,5887,5639,5486,5271,,,,,,,,55.5,5364,96051,76978,1650,351,,1698,-1676,-6823,22,14368
1888,180294,9680,8707,1803,10510,211,9469,53.6,16.8,45.5,1.0468,7.394,0.4708,32,13,709,373,336,373,0,336,,,,,487,242,1.86,,,,,,,6396,6179,5911,5662,5510,,,,,,,,54.9,5589,99020,81274,1629,314,,1302,-1279,-8102,23,14149
1889,183144,9718,8908,1831,10739,214,9504,52.3,16.5,46.2,1.0465,7.342,0.4698,32,12,727,388,339,388,0,339,,,,,457,249,1.86,,,,,,,6635,6421,6203,5935,5687,,,,,,,,53.3,5677,97534,85610,1598,361,,5930,-5906,-14008,24,13939
1890,188263,9709,9064,1883,10947,220,9489,51.1,16.1,46.8,1.0462,7.29,0.4688,32,12,725,395,330,395,0,330,,,,,495,283,1.86,,,,,,,6861,6660,6446,6228,5960,,,,,,,,52.2,5836,98195,90068,1561,625,,3642,-3618,-17626,24,13738
1891,195445,9974,9199,1954,11153,228,9746,50.8,15.6,46.9,1.046,7.229,0.4707,32,12,741,409,332,409,0,332,,,,,571,331,1.86,,,,,,,7162,6887,6686,6472,6254,,,,,,,,51.5,6059,100723,94722,1541,815,,1615,-1590,-19216,25,13548
1892,200961,10264,9386,2010,11396,235,10029,50.6,15.2,46.9,1.0458,7.168,0.4726,33,14,789,439,350,439,0,350,,,,,609,324,1.86,,,,,,,7478,7189,6914,6712,6498,,,,,,,,50.5,6230,101449,99512,1521,886,,3473,-3447,-22663,26,13368
1893,214534,10680,9524,2145,11669,251,10429,50.2,14.7,47,1.0456,7.107,0.4746,34,15,807,451,356,451,0,356,,,,,596,317,1.86,,,,,,,8003,7507,7217,6943,6741,,,,,,,,51.2,6651,109834,104700,1564,845,,-4313,4340,-18323,27,13198
1894,222369,11183,9555,2224,11779,260,10923,50,13.9,47,1.0453,7.046,0.4765,34,15,813,457,356,457,0,356,,,,,445,162,1.86,,,,,,,8491,8033,7536,7247,6972,,,,,,,,50.5,6893,112231,110138,1533,809,,1602,-1574,-19896,28,13042
1895,231116,11539,9610,2311,11921,270,11269,49.7,13.2,47.1,1.0451,6.985,0.4784,37,15,835,479,356,479,0,356,,,,,640,526,1.86,,,,,,,8858,8522,8064,7567,7277,,,,,,,,49.9,7165,115267,115849,1494,769,,911,-882,-20779,29,12898
1896,241427,11954,9783,2414,12197,282,11672,49.4,12.8,47.1,1.0449,6.924,0.4803,37,17,837,489,348,489,0,348,,,,,1183,746,1.86,,,,,,,9066,8890,8554,8096,7599,,,,,,,,49.5,7484,119577,121850,1497,814,,-425,456,-20323,31,12763
1897,255736,12504,9826,2557,12383,299,12205,49.1,12.6,47.2,1.0445,6.863,0.4822,37,18,867,493,374,493,0,374,,,,,1551,922,1.86,,,,,,,9231,9100,8924,8588,8130,,,,,,,,49.9,7928,127493,128243,1563,864,,-4353,4385,-15937,32,12634
1898,267251,13074,9821,2673,12494,313,12761,48.8,12.3,47.2,1.0441,6.802,0.4842,40,20,917,516,401,516,0,401,,,,,1734,943,1.86,,,,,,,9374,9267,9136,8960,8623,,,,,,,,49.5,8285,132300,134951,1592,876,,-1489,1523,-14414,34,12512
1899,271681,13387,10087,2717,12804,318,13069,48.5,12.3,47.3,1.0437,6.741,0.4861,40,20,918,506,412,506,0,412,,,,,1862,1059,1.86,,,,,,,9568,9410,9303,9172,8996,,,,,,,,47.8,8422,129968,141713,1584,934,,5856,-5821,-20235,35,12393
1900,283765,13718,10381,2838,13219,332,13386,48.2,11.8,47.3,1.0433,6.68,0.488,43,20,967,529,438,529,0,438,,,,,1725,796,1.86,,,,,,,9713,9606,9448,9340,9210,,,,,,,,47.5,8797,134927,148838,1557,994,,-1416,1452,-18783,36,12282
1901,292931,13548,10800,2929,13729,342,13206,45.8,11,49.1,1.0429,6.603,0.4865,50,21,1019,577,442,577,0,442,,,,,1226,522,1.86,,,,,,,9756,9751,9645,9487,9379,,,,,,,,46.6,9081,136649,156282,1478,1044,,2041,-2004,-20787,37,12183
1902,299105,13049,11304,2991,14295,350,12699,42.9,10.1,51.6,1.0425,6.526,0.4849,50,22,1076,595,481,595,0,481,,,,,1274,848,1.86,,,,,,,9820,9796,9791,9685,9526,,,,,,,,45.2,9272,135129,163976,1351,1071,,5699,-5661,-26448,38,12097
1903,304901,13404,11660,3049,14709,357,13047,43.2,10.5,50.55,1.042,6.449,0.4834,51,23,1089,612,477,612,0,477,,,,,1401,658,1.86,,,,,,,10000,9860,9837,9832,9725,,,,,,,,43.7,9452,133195,171706,1386,1185,,6342,-6303,-32751,39,12008
1904,324289,14567,12082,3243,15325,379,14188,45.1,11.4,47.65,1.0416,6.372,0.4819,55,21,1094,619,475,619,0,475,,,,,1262,699,1.86,,,,,,,10055,10043,9903,9880,9875,,,,,,,,44.6,10053,144487,179802,1600,1289,,-6952,6993,-25757,41,11912
1905,332048,14631,12633,3320,15953,388,14243,43.4,11,48.75,1.0412,6.295,0.4804,55,22,1141,627,514,627,0,514,,,,,1316,716,1.86,,,,,,,10061,10099,10087,9947,9924,,,,,,,,43.3,10293,143931,188117,1563,1330,,5301,-5258,-31015,43,11823
1906,345014,14858,13206,3450,16656,403,14455,42.7,10.9,48.85,1.0407,6.218,0.4788,55,22,1177,636,541,636,0,541,,,,,1610,1015,1.86,,,,,,,10340,10107,10145,10133,9993,,,,,,,,43,10695,148252,196762,1587,1337,,766,-722,-31737,44,11738
1907,357913,15532,13522,3579,17101,419,15113,43,11.4,47.75,1.0402,6.141,0.4773,55,22,1192,634,558,634,0,558,,,,,1809,930,1.86,,,,,,,10645,10387,10154,10193,10181,,,,,,,,42.6,11095,152299,205614,1707,1350,,1145,-1099,-32836,46,11650
1908,371472,15096,13857,3715,17572,435,14661,40.2,10.3,51.15,1.0402,6.064,0.4758,59,22,1261,666,595,666,0,595,,,,,1720,919,1.86,,,,,,,11069,10695,10437,10204,10242,,,,,,,,42.1,11516,156460,215012,1581,1548,,884,-837,-33673,47,11577
1909,377279,15079,13684,3773,17457,441,14638,39.1,10,52.15,1.0391,5.987,0.4742,60,21,1274,684,593,681,3,590,298713,78566,438,,1798,1014,1.86,,,,,,,11586,11119,10745,10487,10254,,,40,27.1,,,,40,22853,150912,226367,1498,1614,,8538,-8489,-42162,49,11510
1910,398478,15205,11917,3985,15902,466,14739,38,9,50.1,1.038,5.91,0.4727,62,21,1310,699,614,696,3,611,310834,87644,446,,2028,933,1.86,,,,,,,11956,11639,11172,10798,10540,,,39.2,26.9,,,,39.2,12481,156203,242275,1368,1648,,-8313,8363,-33800,50,11456
1911,407291,15786,11459,4073,15532,476,15310,38,8.6,52.65,1.038,5.9,0.4738,62,21,1338,706,641,697,9,632,322954,84337,460,,1632,822,1.86,,,,,,,12384,12010,11693,11226,10852,,100,38,25.9,,,,38,19922,154771,252520,1317,1666,,3736,-3684,-37483,52,11409
1912,417555,15955,11002,4176,15178,489,15466,37.5,8.95,53.7,1.0375,,0.4749,65,22,1363,716,665,698,18,647,335075,82480,474,,1480,769,1.86,,,,,,,12941,12439,12066,11748,11282,,100,36.9,26.2,,,,36.9,19408,154078,263477,1362,1730,,1822,-1768,-39252,54,11360
1913,431607,16214,10544,4316,14860,505,15709,37,9.3,52.65,1.037,,0.476,66,22,1399,749,675,724,27,650,347195,84412,470,,2000,858,1.87,,,,,1895,105,13522,12999,12497,12123,11806,70,100,37.2,25.7,,,0.1,37.2,12526,160558,271049,1469,1708,,-2369,2424,-36828,55,11309
1914,454718,14717,10395,4547,14942,532,14185,39.5,8.3,54.4,1.0395,,0.4771,68,21,1373,772,634,739,33,601,359316,95402,475,,1431,684,1.85,,648,36,,1316,115,13855,13582,13059,12557,12184,80,81,36.8,25.5,,10.3,0.2,36.8,11074,167336,287382,1354,1673,,-11196,11254,-25574,58,11273
1915,466238,15029,10247,4662,14909,545,14484,40.2,8.3,54.65,1.0402,,0.4782,72,21,1391,783,594,797,36,608,371436,94802,455,,1201,621,1.84,,571,50,,1091,110,14199,13917,13644,13121,12619,90,78.2,38.5,26.2,,8.8,0.2,38.5,5994,179502,286736,1471,1588,,330,-270,-25844,60,11239
1916,477321,15340,10098,4773,14871,558,14782,38.6,8.2,51.95,1.0386,,0.4792,73,22,1367,808,598,769,39,559,383557,93764,486,,1242,722,1.85,,656,66,,1128,114,14046,14263,13981,13708,13185,337,81.2,36,25.7,,9.8,0.6,36,26325,171836,305485,1393,1614,,781,-720,-26564,61,11207
1917,488038,15652,9950,4880,14830,571,15081,37,8.1,51.2,1.037,,0.4803,75,22,1453,875,620,833,42,578,395677,92361,463,,1157,543,1.83,,493,50,,1050,107,13566,14111,14328,14046,13772,703,84.4,37.8,25.6,,7,1.3,37.8,6349,184478,303560,1478,1534,,1101,-1038,-27602,63,11179
1918,495962,15963,9801,4960,14761,580,15383,37.3,11.69,39.4,1.0373,,0.4814,75,22,1452,893,604,848,45,559,407798,88164,468,,693,245,1.76,,222,23,,628,65,13942,13632,14177,14394,14112,1030,83.8,37.4,24.8,,3.1,1.8,37.4,17696,185490,310472,2151,1511,,3175,-3111,-30713,64,11112
1919,507961,17456,11669,5080,16749,594,16862,37.7,8.7,54.75,1.0377,,0.4825,79,23,1442,888,602,840,48,554,419918,88043,486,,1398,1211,1.92,,1097,114,,1267,131,15111,14010,13700,14245,14461,1528,89.1,36,25.4,,14.8,2.7,36,23523,182866,325095,1572,1515,,1663,-1598,-32311,65,11080
1920,525987,18948,13536,5260,18796,615,18333,38,9,54.1,1.038,,0.4836,83,24,1527,904,674,853,51,623,432039,93948,491,,2006,889,1.91,,806,83,,1817,189,15194,15181,14079,13770,14315,3272,93.3,35.6,25.9,,10.8,5.6,35.6,18100,187251,338736,1656,1495,,-2381,2448,-29863,67,11047
1921,548803,20441,15404,7113,22517,832,19609,37.3,8.2,60.9,1.0373,,0.484,86,25,1598,933,719,879,54,665,444159,104644,490,,1688,880,2.01,,797,83,,1528,160,15458,15289,15276,14174,13865,2982,97.8,35.7,26.1,,11,5,35.7,17239,195923,352880,1573,1466,,-3338,3408,-26454,70,11026
1922,566358,19703,14440,6376,20816,746,18957,36,8.3,59.7,1.036,,0.4845,87,25,1607,946,724,883,61,661,456280,110078,499,,1775,886,2.21,,802,84,,1606,169,16157,15543,15374,15361,14259,3040,94.4,35.1,25.7,,11.1,4.9,35.1,21514,198792,367566,1624,1455,,182,-110,-26565,72,11006
1923,575896,19199,13020,7492,20512,877,18322,35,7.2,57.3,1.035,,0.4849,90,26,1659,962,763,896,66,697,468400,107496,504,,1881,812,2.24,,735,77,,1700,181,15758,16256,15643,15473,15460,4976,91.7,34.7,25.9,,9.6,7.9,34.7,24146,199836,376060,1427,1440,,8107,-8033,-34597,74,11000
1924,597861,19955,14047,7556,21603,884,19071,33,7.3,59.8,1.033,,0.4854,94,25,1685,969,778,907,70,716,480521,117340,509,,1871,867,2.58,,784,83,,1690,181,15787,15859,16357,15743,15574,6401,98.5,34.4,26.4,,9.8,10,34.4,20133,205664,392197,1474,1425,,-3261,3337,-31260,76,10995
1925,613572,20233,14390,6373,20763,746,19487,32,6.7,59.1,1.032,,0.4858,94,28,1705,985,796,909,76,720,490381,123191,517,,2500,1131,1.91,,1022,109,,2257,243,15925,15872,15943,16442,15828,8527,100,33.8,25.9,,12.7,13.3,33.8,23432,207387,406185,1372,1418,,2262,-2183,-33444,79,11000
1926,623909,19701,15024,6663,21687,780,18921,31,7.7,56.75,1.031,,0.4862,96,28,1731,992,816,915,77,739,500240,123669,524,,2260,1236,1.94,,1116,120,,2039,221,16532,16013,15961,16032,16530,10376,98.6,33.4,25.9,,13.4,16.1,33.4,23694,208386,415523,1591,1407,,8352,-8272,-41715,80,10995
1927,644745,19209,14604,6367,20971,745,18464,30,7.5,60.55,1.03,,0.4867,99,28,1763,1005,825,938,72,758,510100,134645,523,,2173,1017,1.99,,918,99,,1959,214,16720,16617,16098,16045,16117,10835,97,33.5,26.2,,11,16.5,33.5,16296,215990,428755,1594,1388,,-2847,2929,-38787,82,10994
1928,655686,19223,15073,6040,21113,707,18516,29.9,7.8,56.95,1.0299,,0.4871,101,29,1817,1004,879,938,66,813,519960,135726,535,,2197,1193,1.98,,1076,117,,1979,218,16989,16801,16697,16178,16126,11991,95.2,32.7,26.2,,13,18,32.7,25101,214409,441277,1658,1388,,7126,-7041,-45828,85,10993
1929,663652,19071,15468,6511,21979,762,18309,29,7.8,57.25,1.029,,0.4876,104,30,1827,1004,897,930,74,823,529820,133832,547,,2226,1058,2.09,,953,105,,2004,222,15498,17076,16887,16784,16265,12902,95.7,32,26.5,,11.5,19.5,32,25889,212369,451283,1647,1387,,10979,-10893,-56721,86,10993
1930,670017,20021,15313,6758,22071,791,19230,29.7,7.6,59.85,1.0297,,0.488,104,30,1868,1000,942,926,74,868,539679,130338,560,,2048,896,2.14,,807,89,,1842,206,15829,15588,17166,16977,16874,25993,97.1,31.3,26,,9.5,39.6,31.3,27760,209715,460302,1586,1387,,12733,-12646,-69367,87,10996
1931,688435,19804,15283,7596,22879,889,18915,29,6.6,61.25,1.029,,0.4886,104,31,1865,1004,931,934,70,861,549539,138896,566,,1703,678,2.27,,610,68,,1531,172,16170,15930,15689,17267,17078,27075,96,30.9,25.5,,7,41.6,30.9,22916,212726,475709,1385,1381,,1695,-1607,-70974,88,11011
1932,703949,19722,15283,7825,23108,916,18806,28.3,7,62.25,1.0283,,0.4891,104,31,1879,1012,943,936,76,867,559399,144550,574,,1260,399,2.35,,359,40,,1132,128,16513,16274,16034,15793,17371,29427,95.5,30.5,25.1,,4.1,45.5,30.5,23992,214704,489245,1486,1377,,4731,-4640,-75614,91,11024
1933,717619,19528,15480,7889,23369,923,18605,27.3,6.7,63.4,1.0273,,0.4897,105,31,1889,1014,954,935,79,875,569258,148361,583,,1063,525,2.03,,472,53,,954,109,16857,16618,16379,16139,15898,33978,95.9,30,24.9,,5.6,51.5,30,25314,215286,502333,1429,1399,,6871,-6779,-82394,92,11042
1934,730738,20103,14753,7407,22160,867,19236,27.7,7.1,61.3,1.0277,,0.4903,110,31,1927,1035,973,954,81,892,579118,151620,581,,1383,843,1.97,,757,86,,1240,143,18371,16956,16717,16478,16238,34337,95.9,30.1,25.6,,9.2,50.1,30.1,21202,219952,510786,1548,1419,,6074,-5980,-88374,94,11057
1935,746384,20973,14249,7535,21784,882,20091,27.9,7.3,61.9,1.0279,,0.4909,115,32,1964,1064,987,977,87,900,595071,151313,582,,1775,960,2.08,,861,99,,1591,184,19877,18471,17056,16817,16578,30789,97.5,30.1,26.1,,10.3,42.6,30.1,22079,224662,521722,1623,1572,,2943,-2847,-91221,96,11072
1936,760690,20499,14034,7081,21115,829,19670,30.6,7.2,58.6,1.0306,,0.4914,118,33,2014,1081,1013,1001,80,933,607202,153488,582,,1940,899,2.12,,806,93,,1737,203,21178,19971,18566,17150,16911,28884,85.3,30.1,26.2,,9.5,37.6,30.1,21543,228968,531722,1633,1602,,3574,-3476,-94697,98,11090
1937,767752,21005,14631,7322,21953,857,20148,30.9,6.9,60.2,1.0309,,0.492,118,35,2052,1101,1035,1017,84,951,616088,151664,581,,2083,1079,2.03,,966,113,,1864,219,20528,21275,20068,18663,17248,27043,85.3,30.1,25.9,,11.1,33.6,30.1,24516,231093,536659,1587,1693,,11611,-11512,-106208,99,11112
1938,784764,22122,15613,8259,23872,967,21155,30.9,6.8,63.6,1.0309,,0.4926,126,36,2084,1137,1048,1036,101,947,632994,151770,582,,2257,1146,1.93,,1026,120,,2018,239,19919,20638,21385,20178,18773,30789,88.2,30.1,26.9,,11.2,37.5,30.1,23570,236214,548550,1589,2048,,3223,-3122,-109330,101,11137
1939,803528,20988,15199,7945,23144,930,20058,31.5,6.5,63.75,1.0315,,0.4931,129,35,2156,1154,1101,1055,99,1002,645618,157910,584,,2150,1088,1.94,,973,115,,1920,230,20674,20024,20744,21491,20284,26120,80.2,30,27,,9.8,31.5,30,22437,241058,562470,1549,2402,,429,-326,-109656,103,11167
1940,862664,21544,14412,7877,22289,922,20622,31.9,6.5,63,1.0319,,0.4937,134,35,1919,1191,846,1073,118,728,703017,159647,620,,2216,1194,1.93,,1066,128,,1978,238,21094,20779,20129,20848,21596,25629,77.6,28.2,25.7,,10.1,30.9,28.2,25573,243271,619393,1527,2702,,-41076,41184,-68472,108,11202
1941,892080,22629,15141,7555,22696,884,21745,33.2,5.5,64.95,1.0332,,0.4939,139,36,1981,1224,875,1106,118,757,736544,155536,631,,2367,1257,1.93,,1122,135,,2111,256,20546,21195,20879,20230,20949,26128,74.7,27.7,25.5,,10.4,31.5,27.7,24898,247106,644974,1337,2823,,-10880,10994,-57478,114,11254
1942,917715,23808,14475,11547,26022,1352,22456,34.3,6,66.3,1.0343,,0.494,143,37,2018,1242,890,1128,114,776,754826,162889,636,,1802,629,1.94,,561,68,,1605,197,20155,20700,21349,21033,20383,27456,72.4,27.5,25.6,,5.4,33,27.5,28478,252372,665343,1493,2906,,-4012,4130,-53348,118,11304
1943,937050,26361,14485,6772,21257,793,25568,38.1,5.7,63.4,1.0381,,0.4942,146,38,2068,1261,931,1137,124,807,774161,162889,644,,852,261,1.2,,232,29,,758,94,20214,20245,20790,21439,21123,25478,72.4,27.2,25.5,,2.2,30.8,27.2,29068,254878,682172,1438,2846,,-2362,2483,-50865,121,11360
1944,954004,27522,16511,5493,22004,643,26879,36.2,6.4,65.2,1.0362,,0.4943,148,38,2046,1273,896,1150,128,773,792362,161642,651,,478,427,1.45,,380,47,,425,53,20001,20287,20318,20863,21512,21428,78.5,26.9,25.2,,3.5,26.3,26.9,29515,256627,697377,1628,3085,,337,-214,-51079,123,11410
1945,979454,24779,16106,4957,21063,580,24199,32.1,6.4,65.75,1.0321,,0.4945,153,38,2204,1295,1030,1174,121,909,811045,168409,656,,592,400,3.29,,356,44,,526,66,20903,20067,20353,20384,20929,22295,78,26.7,25.5,,3.3,27.3,26.7,23071,261514,717940,1652,3406,,-9445,9571,-41508,126,11462
1946,996505,26163,17579,5929,23508,694,25469,33.8,5.9,66.9,1.0338,,0.4947,161,39,2299,1340,1079,1220,120,959,823819,172686,643,,3213,2297,1.87,,2041,256,,2852,361,20579,20981,20146,20432,20463,22629,76.3,27.2,26.4,,19.5,27.5,27.2,20843,271049,725456,1586,3381,,1490,-1362,-42870,128,11522
1947,1016170,36458,18264,10471,28735,1226,35232,43.9,5.8,67.05,1.0439,,0.4948,169,43,2574,1425,1281,1293,132,1149,843021,173149,619,,4132,2132,2.22,,1892,240,,3664,468,20508,20718,21121,20285,20571,23732,79.7,28.3,27.1,,18.3,28.7,28.3,28619,287576,728594,1652,3356,,4062,-3931,-46801,131,11586
1948,1041970,34571,19099,11356,30455,1329,33242,38.95,6.37,67.25,1.03895,,0.495,172,44,2774,1451,1461,1313,138,1323,854099,187871,617,,4759,2161,1.98,,1916,245,,4216,543,20354,20659,20869,21272,20436,25060,82.9,28.4,27.2,,18.5,30.1,28.4,35588,295919,746051,1862,3539,,-746,880,-45921,134,11646
1949,1078671,36885,20534,16261,36795,1904,34981,38.43,5.97,67.95,1.03843,,0.4951,175,46,2828,1501,1471,1357,144,1327,876661,202010,612,,4477,2363,1.97,,2093,270,,3963,514,21096,20571,20876,21085,21488,24903,85.8,28.6,26.9,,19.8,29.8,28.6,38617,308500,770171,1810,3690,,-5406,5544,-40377,138,11714
1950,1111314,37444,22808,14700,37508,1721,35723,37.34,5.95,68.35,1.03734,,0.4953,180,43,2911,1541,1515,1396,145,1370,898478,212836,611,,5313,3015,2.08,,2669,346,,4698,615,22054,21292,20766,21071,21281,26488,87.4,28.6,27,,24.7,31.1,28.6,40803,317836,793478,1863,3779,,-777,919,-39458,142,11786
1951,1147157,39658,23205,17175,40380,2011,37647,37.81,5.93,68.5,1.03781,,0.4958,191,42,3080,1666,1589,1491,175,1414,933792,213365,590,,5065,1801,2.12,,1593,208,,4474,591,21760,22282,21520,20995,21300,28677,88.2,29.7,27.6,,14.8,33.1,29.7,31827,340706,806451,1989,4179,,-1631,1778,-37680,147,11863
1952,1189053,43114,25896,16813,42709,1968,41146,39.34,5.85,68.7,1.03934,,0.4963,202,43,3318,1767,1753,1565,202,1551,974118,214935,583,,2897,872,2.14,,770,102,,2557,340,22365,21984,22506,21744,21218,29812,89.5,30,28,,7.2,33.6,30,41715,356716,832337,2050,4665,,-5902,6054,-31627,152,11945
1953,1246362,44535,25771,16436,42207,1924,42611,39.24,5.68,69,1.03924,,0.4968,211,42,3283,1884,1628,1655,229,1399,1034381,211981,583,,2742,1750,2.05,,1545,205,,2417,325,23490,22584,22202,22725,21962,32076,89.2,30,27.5,,14.2,35.2,30,41545,373909,872453,2075,4764,,-21941,22099,-9528,158,12035
1954,1302240,48057,27223,18573,45796,2174,45883,39.46,5.46,69.75,1.03946,,0.4973,219,42,3469,1993,1712,1757,236,1476,1079583,222657,574,368248,3868,2022,2.12,,1782,240,,3406,462,22527,23737,22831,22449,22972,34467,91.2,30.5,27.4,28.9,15.8,37.7,28.9,62015,376347,925893,2011,4915,,-17008,17174,7647,166,12135
1955,1357274,48421,32807,21669,54476,2537,45884,37.64,5.53,69.75,1.03764,,0.4979,224,44,3553,1082,1718,1835,247,1471,1126265,231009,574,388433,4687,2414,2.05,,2126,288,,4123,564,23277,22816,24026,23119,22738,37434,91.7,30.5,26.8,29.2,18.5,40.1,29.2,47793,396324,960950,2147,4972,,-7677,7850,15497,173,12240
1956,1416731,49861,33534,25181,58715,2948,46913,36.6,5.27,69.8,1.0366,,0.4984,239,45,4064,2210,2117,1947,263,1854,1177856,238875,565,478423,5103,2572,2.12,,2263,309,,4484,619,24635,23612,23151,24361,23454,38285,92.4,31,27.4,34.5,19.5,40,34.5,-20108,488772,927959,2522,5291,,-8555,8735,24231,180,12355
1957,1488314,51044,33245,30129,63374,3528,47516,34.92,5.38,69.55,1.03492,,0.4989,251,45,4102,2362,2021,2081,281,1740,1233397,254917,554,548318,5387,2518,2.08,,2213,305,,4728,659,25658,25036,24013,23551,24761,40247,93.7,31.6,27.5,37.7,18.3,41,37.7,5716,561094,927220,2946,5124,,-16279,16468,40700,189,12477
1958,1555799,52885,36135,33330,69465,3902,48983,35,5.54,69.75,1.035,,0.4994,273,47,4270,2513,2065,2205,308,1757,1292098,263701,546,566216,5485,2778,1.96,,2438,340,,4809,676,29064,26101,25479,24456,23995,44871,91.9,32.1,28.5,37.2,20,42.7,37.2,65217,578757,977042,3137,5329,,-6486,6684,47384,198,12605
1959,1616088,53399,39201,33060,72261,3871,49528,34,5.5,70,1.034,,0.4999,290,50,4509,2614,2200,2309,305,1895,1336675,279413,542,594978,5500,2847,2.05,,2496,351,,4817,683,30739,29504,26541,25919,24896,52167,91.9,32.3,29.3,37.5,20.4,46.3,37.5,55706,606033,1010055,3271,5323,,3378,-3172,44212,206,12741
1960,1693180,54173,42189,48586,90775,5689,48484,34.62,5.33,69.85,1.03462,,0.5004,319,58,4693,2882,2189,2504,378,1811,1408772,284408,522,608000,7683,4706,1.98,,4122,584,,6721,962,28647,31385,30150,27187,26565,58855,84.6,33.5,30.6,36.7,32.1,50.1,36.7,83943,621397,1071783,3237,5306,,5140,-4925,39287,215,12888
1961,1823661,55040,46365,88807,135172,10399,44641,32.2,5.68,70.3,1.0322,,0.501,345,67,5015,3143,2324,2691,452,1872,1514551,309110,518,680999,10383,5793,2.07,,5068,725,,9072,1311,31047,29828,32566,31331,28368,62253,78.8,33.8,30.8,38.7,37,49.9,38.7,55393,705757,1117904,3865,5146,,-4320,4549,43836,229,13043
1962,1965786,58316,46907,115834,162741,13564,44752,33.16,5.42,70.1,1.03316,,0.5015,364,74,5225,3423,2334,2891,532,1802,1629965,335821,515,738363,11818,5630,2.04,,4919,711,,10313,1505,42289,32588,31368,34106,32872,72197,71.2,34,30.1,39,32.2,51.4,39,108999,766657,1199129,4005,5026,,11585,-11339,32497,246,13218
1963,2117451,56205,49640,105210,154850,12320,43885,34.56,5.09,70,1.03456,,0.5021,389,77,5397,3615,2348,3049,566,1782,1736567,380884,520,758335,11653,5781,1.95,,5045,736,,10157,1496,41574,43688,33987,32768,35506,81412,62.2,33.7,30.2,37.1,29.6,53.6,37.1,138378,785574,1331877,3855,5296,,-5966,6231,38728,265,13415
1964,2234916,56597,49094,93483,142577,10946,45651,30.14,5.17,70.3,1.03014,,0.5026,400,79,5765,3749,2605,3160,589,2016,1801571,433345,520,807659,11371,5886,1.84,,5130,756,,9898,1473,44424,42817,44931,35230,34011,91236,69.6,33.7,30,37.1,29.7,54.5,37.1,102043,829154,1405762,4174,4875,,16063,-15780,22948,283,13628
1965,2395932,61216,49413,82455,131868,9655,51561,27.23,5.17,70.25,1.02723,,0.5032,412,76,6034,3897,2733,3301,596,2137,1977418,418514,548,825455,12108,7139,1.67,,6214,925,,10526,1582,46065,45520,43914,46028,36327,97314,81.8,31.9,28.1,35.7,35.6,53.6,35.7,112902,855348,1540584,4274,4790,,-38212,38513,61461,301,13858
1966,2480899,50824,48273,68843,117116,8061,42763,25.23,5.07,70.25,1.02523,,0.5038,425,75,6075,4022,2666,3409,613,2053,2032359,448540,545,847861,11824,7021,1.67,,6104,917,,10266,1558,48733,46980,46436,44829,46944,103500,69.5,32.1,28.2,34.8,29.5,55.4,34.8,107043,863353,1617546,4302,4647,,23200,-22883,38578,317,14104
1967,2614340,56387,53591,62280,115871,7292,49095,27.55,5.05,70.6,1.02755,,0.5043,448,77,6153,4166,2609,3544,622,1987,2144766,469574,555,777354,11202,6475,1.66,,5622,853,,9713,1489,52854,49562,47808,47264,45658,110754,69.9,31.5,28.2,30.5,24.5,56.1,30.5,180391,797374,1816966,3924,4694,,-26188,26519,65097,331,14363
1968,2684073,57992,53482,64021,117503,7496,50496,27.49,5.17,70.3,1.02749,,0.5049,473,83,6497,4385,2776,3721,664,2112,2207976,476097,543,878901,11469,7178,1.68,,6224,954,,9931,1538,54989,53705,50413,48660,48116,118567,69.3,32.2,28.9,33.2,26.8,57.1,33.2,23384,891112,1792961,4547,4201,,39022,-38678,26419,344,14632
1969,2807456,62113,54606,70010,124616,8198,53915,28.18,5.04,70.55,1.02818,,0.5054,496,88,6608,4592,2698,3910,682,2016,2344635,462821,550,889778,11882,6967,1.68,,6033,934,,10275,1607,59070,55920,54636,51344,49591,126727,69.7,31.8,28.6,32.4,25,57.4,32.4,108778,909616,1897840,4484,4209,,-7460,7817,34236,357,14915
1970,2930810,65981,55210,79126,134336,9265,56716,28.41,4.78,70.9,1.02841,,0.506,537,92,6865,4922,2707,4158,764,1943,2485525,445285,546,818738,12301,7590,1.69,,6563,1027,,10622,1679,60007,60123,56973,55689,52397,132053,69.6,32.1,29.2,28.5,26.1,56.7,28.5,215160,835281,2095529,3909,4593,,2480,-2107,32130,373,15216
1971,3090953,68659,53524,83514,137038,9779,58880,28.5,4.92,71.2,1.0285,,0.5058,562,98,7077,5135,2735,4342,793,1942,2622439,468514,552,,13544,8344,1.7,,7205,1139,,11679,1865,61970,61118,61234,58083,56799,141514,68.6,31.7,28.9,,26.7,58.4,31.7,2535,979832,2111121,4696,4615,,-32416,32807,64937,391,15532
1972,3227790,69695,58343,91237,149580,10683,59012,26.43,4.74,71.25,1.02643,,0.5056,592,101,7285,5394,2920,4365,1029,1891,2716769,511021,555,,13704,7874,1.69,,6790,1084,,11800,1904,63543,63184,62331,62447,59297,155082,70.7,31.5,29.4,,23.7,61.7,31.5,118882,1016754,2211036,4717,4827,,3199,-2788,62149,411,15869
1973,3321556,68623,48578,79603,128181,9321,59302,25.64,4.91,71.45,1.02564,,0.5054,630,108,7524,5707,2944,4580,1127,1817,2856210,465346,553,,14917,9471,1.72,,8155,1316,,12825,2092,65738,64602,64242,63390,63506,165310,70.6,31.6,29.8,,26.9,64.1,31.6,109861,1049612,2271944,5081,4970,,24364,-23938,38211,426,16217
1974,3385909,72717,47234,69018,116252,8082,64635,26.11,4.5,72.05,1.02611,,0.5052,675,113,7773,5951,3017,4756,1195,1822,2960143,425766,551,,16583,9811,1.72,,8435,1376,,14236,2347,66805,66656,65520,65160,64308,172788,73.8,31.8,30.8,,26.7,65.4,31.8,109393,1076719,2309190,4799,5117,,41983,-41547,-3337,436,16580
1975,3572202,79723,50263,95412,145675,11172,68551,27.79,4.36,72.7,1.02779,,0.5051,737,134,8151,6390,3056,5095,1295,1761,3126469,445733,542,,21467,14446,1.77,2000,10019,2427,2000,16656,2811,66630,68074,67925,66789,66429,174018,70.9,32.3,31.8,,31,64.6,32.3,92682,1153821,2418381,4899,5219,,-50736,51188,47851,452,16959
1976,3742749,88522,52281,133959,186240,15686,72836,29.72,4.32,72.95,1.02972,,0.5049,798,148,8325,6903,2844,5481,1422,1422,3283264,459485,528,,25111,13928,1.77,739,10617,2572,1239,20172,3700,63943,68411,69856,69707,68570,183670,67,33.1,32.8,,31.8,67.5,33.1,131747,1238850,2503899,5230,5281,,5182,-4707,43144,475,17360
1977,3969220,95000,62000,167939,229939,19665,75335,31.66,4.14,73.35,1.03166,,0.5047,885,157,9180,7466,3263,5917,1549,1694,3486430,482790,519,,25300,14561,1.81,1153,10793,2615,1338,20269,3693,65081,66176,70645,72090,71940,191236,61.7,33.7,34.3,,31,69.8,33.7,158281,1337627,2631593,5380,5372,,-7284,7785,50929,501,17789
1978,4166854,97000,63000,152000,215000,17799,79201,30.7,4.1,73.45,1.0307,,0.5045,990,166,9854,8064,3123,6731,1333,1790,3656704,510150,493,,27669,15860,1.81,1191,11809,2860,1479,22113,4077,64646,67103,68198,72666,74111,192466,63.4,35.5,36.5,,32.6,70.6,35.5,100944,1479233,2687621,5921,5410,,6035,-5506,45423,529,18245
1979,4404121,107000,67000,193000,260000,22600,84400,30,4.2,73.9,1.03,,0.5043,1092,175,10486,9365,3251,7235,2130,2121,3799636,604485,456,,29454,16590,1.8,1393,12233,2964,1691,23473,4290,67550,67213,69669,70765,75233,195883,65.6,38.4,38.8,,33,71.2,38.4,80582,1691182,2712939,6912,5357,,10464,-9907,35517,557,18725
1980,4639822,103000,65000,221000,286000,25879,77121,28.2,3.9,73.7,1.0282,,0.5041,1218,188,12591,10324,4723,7868,2456,2267,3993727,646095,437,,29953,16600,1.72,1508,12149,2943,1856,23781,4316,75153,70490,70152,72609,73704,187906,60.5,40,41.2,,32.9,65.2,40,151611,1855929,2783893,7054,5359,,37886,-37298,-1781,588,19239
1981,4920449,111000,69000,224000,293000,26230,84770,28.1,3.9,74.1,1.0281,,0.504,1321,186,13093,11063,4701,8392,2719,2030,4341899,578550,443,,29700,17800,1.45,1567,13067,3166,1944,23444,4312,68234,78133,73469,73131,75588,191466,63.1,39.5,41.1,,35.3,65.4,39.5,239367,1943577,2976872,7364,5610,,-601,1222,-559,621,19784
1982,5162619,124000,67000,207000,274000,24239,99761,28.1,3.9,74.45,1.0281,,0.5039,1392,180,13471,11492,4583,8888,2699,1979,4598604,564015,447,,26300,18260,1.39,1627,13389,3244,2019,20535,3746,76404,70987,80886,76222,75884,191623,70.4,39.1,40.9,,35.6,62.9,39.1,247650,2018584,3144035,7688,5865,,18277,-17622,-18181,655,20361
1983,5351724,112000,69000,189419,258419,22180,89820,24.5,4,74.55,1.0245,,0.5039,1458,177,13943,11953,4614,9329,2641,1991,4784289,567435,447,,26565,19450,1.41,1686,14300,3464,2093,20675,3797,79540,78923,73506,83405,78741,195475,69.7,39.1,41.1,,37.3,62,39.1,218574,2092524,3259200,8222,6051,,55041,-54358,-72540,683,20962
1984,5641054,98000,69000,192983,261983,22598,75402,23.6,4.3,74.65,1.0236,,0.5038,1507,180,14468,12422,4745,9723,2697,2046,5057944,583110,455,,27655,19720,1.48,1750,14465,3505,2172,21558,3925,84768,82107,81490,76073,85972,205616,58.1,38.5,40.2,,35.4,63.4,38.5,201887,2171806,3469248,9099,6301,,-42747,43462,-29078,715,21586
1985,5919483,95000,70000,197640,267640,23143,71857,22.8,4.5,74.65,1.0228,,0.5037,1582,188,15007,12939,4839,10168,2766,2068,5330103,589380,459,,29265,19890,1.55,1817,14548,3525,2255,22853,4157,89397,87396,84735,84118,78702,214963,54.5,38.1,40.1,,35.6,62.2,38.1,198462,2255323,3664160,9910,6530,,-27229,27980,-1098,751,22239
1986,6166974,93000,72000,216210,288210,25318,67682,21.9,4.6,74.7,1.0219,,0.5036,1622,193,15382,13318,4855,10527,2792,2064,5578734,588240,466,,31803,20798,1.66,1865,15241,3692,2319,24921,4563,93482,92273,90272,87611,86994,225709,51.1,37.6,39.3,,37.1,62.1,37.6,234513,2318782,3848192,10452,6823,,23444,-22658,-23756,786,22922
1987,6394314,99000,75000,227284,302284,26614,72386,21,4.8,74.85,1.021,,0.5035,1666,205,16034,13727,5127,10907,2812,2307,5736819,657495,464,,34750,21001,1.64,1945,15340,3716,2411,27362,4977,95673,96505,95296,93295,90634,238778,54.9,37.7,39.2,,34.8,62.7,37.7,222229,2410656,3983658,11365,7066,,56513,-55697,-79453,816,23627
1988,6721210,112743,73000,256515,329515,30037,82706,21.3,4.8,74.85,1.0213,,0.5035,1707,222,16539,14069,5343,11196,2899,2470,6017260,703950,474,,36132,22619,1.62,1994,16603,4022,2480,28420,5232,98334,99084,99917,98707,96707,242435,59.2,36.9,38.3,,35.7,61.2,36.9,287320,2480126,4241084,11615,7546,,-16542,17395,-62058,853,24366
1989,7308444,104667,75000,318940,393940,37347,67320,20.8,4.7,75.1,1.0208,,0.5034,1739,228,17284,14533,5769,11536,3018,2751,6524409,784035,498,,39739,25609,1.68,2067,18952,4590,2565,31353,5821,107044,102576,103326,104158,102949,255360,46.1,35.1,36,,38.2,61.2,35.1,290622,2565264,4743180,11572,8128,157544,-25783,62058,0,36275,60526
1990,7761207,106915,78000,330877,408877,38745,68170,21,4.5,75.3,1.021,,0.5033,1784,256,18082,15003,6160,11922,3081,3079,6883692,877515,509,,43651,26255,1.71,2153,19402,4700,2670,34660,6321,114627,111444,106977,107727,108559,274184,43.1,34.4,35,,36.9,62.2,34.4,256672,2669855,5091352,11664,8500,100000,64865,,,64865,125118
1991,8089848,117058,75000,297770,372770,34868,82190,20.2,4.5,75.45,1.0202,,0.5029,1837,267,18838,15513,6476,12362,3151,3325,7142223,947625,510,,43395,24861,1.7,2237,18213,4411,2775,34431,6189,121729,118587,115405,110937,111687,290304,51.3,34.3,34.7,,33.3,62.2,34.3,232363,2774818,5315030,12233,8685,,65269,,,65269,189823
1992,8404087,113345,77380,274477,351857,32141,81204,20.2,4.5,75.7,1.0202,,0.5024,1919,276,20112,16292,7091,13020,3272,3819,7315672,1088415,497,,46025,28716,1.69,2399,21185,5132,2958,36305,6762,126176,125380,122238,119055,114588,303736,48.7,35.2,35.4,,37.6,61.6,35.2,139524,2958239,5445848,13063,8706,,51814,,,51814,240782
1993,8689168,96746,76312,304808,381120,35693,61053,19.6,4.5,75.5,1.0196,,0.502,1968,295,21099,17048,7436,13663,3385,4051,7534633,1154535,489,,48708,28774,1.67,2511,21141,5122,3111,38588,7009,131902,130230,129434,126292,123109,323720,36.4,35.8,35.3,,35.7,62.5,35.8,141356,3110722,5578446,13769,8758,,93946,,,93946,333644
1994,9024368,112903,72538,300730,373268,35215,77688,19.7,4.5,75.65,1.0197,,0.5015,2008,303,21832,17521,7750,14082,3439,4311,7795733,1228635,491,,47311,27912,1.7,2585,20388,4939,3213,37353,6745,139165,135902,134230,133433,130292,342136,44.5,35.6,34.8,,32.3,63,35.6,242190,3212675,5811693,14189,8943,,55301,,,55301,387444
1995,9338397,138404,71139,304330,375469,35637,102767,19.8,4.6,75.7,1.0198,,0.5011,2150,307,22673,18396,7845,14828,3568,4277,8119452,1218945,487,,48631,29015,1.75,2706,21179,5130,3352,38280,6999,133412,143213,139949,138277,137481,355587,56.5,35.9,35.7,,31.7,64.1,35.9,183251,3352485,5985912,15162,9032,,104511,,,104511,490172
1996,9692441,137587,81017,321385,402402,37634,99953,20.6,4.4,76.1,1.0206,,0.5007,2296,309,23516,19522,7736,15780,3742,3994,8554151,1138290,483,,52938,31227,1.73,2833,22858,5536,3509,41748,7681,142444,137687,147487,144224,142552,363202,51,36.2,36.2,,32.7,63.5,36.2,206915,3508664,6183777,15156,9050,,80722,,,80722,568736
1997,10071783,129627,75214,317798,393012,37214,92413,20.5,4.4,76.5,1.0205,,0.5002,2424,318,24697,20776,7858,16841,3935,3923,8953728,1118055,474,,56531,33726,1.73,3008,24728,5990,3716,44605,8210,158809,146671,141914,151714,148450,371884,45.6,36.9,36.5,,34,62.1,36.9,180571,3716488,6355295,16045,9053,,42985,,,42985,609218
1998,10404448,130818,76829,299134,375963,35028,95790,21.1,4.4,76.65,1.0211,,0.4998,2505,331,25553,21649,7955,17598,4051,3904,9291808,1112640,472,,57853,33229,1.74,3108,24247,5874,3860,45714,8279,150259,162788,150649,145892,155692,377436,44.3,37.1,36.4,,31.9,61.9,37.1,198286,3860050,6544398,16713,9183,,71391,,,71391,677928
1999,10752984,130390,84118,306171,390289,35852,94538,21.1,4.4,77.5,1.0211,,0.4993,2542,333,25793,21897,7944,17849,4048,3896,9642624,1110360,483,,58593,33915,1.77,3116,24793,6006,3893,46263,8437,137539,154332,166860,154721,149964,373887,42.4,36.2,35.6,,32.4,60.9,36.2,325391,3892580,6860404,16850,9385,,61790,,,61790,736735
2000,11068861,129625,81450,273973,355423,32082,97543,21.1,4.3,78.4,1.0211,,0.4989,2581,334,25915,22071,7874,18041,4030,3844,9973321,1095540,495,,60784,34503,1.76,3139,25248,6116,3918,48101,8765,135180,141183,157975,170504,158365,381758,42.4,35.4,34.9,,32.7,63.1,35.4,299629,3918377,7150484,16609,9549,,61563,,,61563,795129
2001,11394518,128859,69522,292612,362134,34264,94595,21,4.2,79.3,1.021,,0.4988,2607,333,26084,22249,7846,18238,4011,3835,10301543,1092975,507,,60850,34684,1.73,3146,25388,6150,3931,48161,8758,132412,139072,145075,161867,174396,380386,40.1,34.5,34.2,,30.4,65.8,34.5,322843,3931109,7463409,16275,9918,,69621,,,69621,861410
2002,11721548,128094,81132,283138,364270,33155,94939,21.1,4.3,80.2,1.0211,,0.4987,2602,335,26143,22231,7869,18274,3957,3912,10606628,1114920,522,,61638,36196,1.71,3140,26610,6446,3927,48780,8931,138119,136178,142838,148841,165633,375674,38.9,33.5,33.1,,31.2,66.4,33.5,341767,3926719,7794829,16649,10347,,57206,,,57206,914911
2003,11985254,127329,99457,242923,342380,28446,98883,21.1,4.1,81.1,1.0211,,0.4985,2624,337,26237,22418,7759,18478,3940,3819,10896839,1088415,531,,56237,30467,1.71,3170,21974,5323,3955,44461,7821,148750,141350,139409,146069,152071,370940,39.5,33,32.5,,27.6,64.4,33,246085,3955134,8030120,16038,10794,,79714,,,79714,990873
2004,12275822,126563,98870,241108,339978,28233,98330,21.1,4.3,81.95,1.0211,,0.4984,2665,338,26670,22886,7754,18916,3970,3784,11197382,1078440,534,,51067,29548,1.73,3234,21183,5131,4026,39846,7195,133246,151957,144557,142615,149275,361686,38.4,32.8,32.1,,28,63.2,32.8,230508,4026470,8249352,17109,11276,,48718,,,48718,1035329
2005,12560869,125798,93150,243108,336258,28467,97331,21,4.5,82,1.021,,0.4983,2701,341,27087,23307,7769,19318,3989,3780,11483569,1077300,537,,52060,30587,1.74,3392,21892,5303,4200,40467,7393,133086,136480,155190,147790,145849,363370,37.3,32.6,31.8,,29.6,63.5,32.6,228331,4094843,8466026,18218,11657,,53984,,,53984,1084654
2006,12868606,125033,94006,272845,366851,31950,93083,21.2,4.7,82.1,1.0212,,0.4982,2745,344,27475,23703,7775,19700,4003,3772,11793586,1075020,542,,53164,30653,1.73,3309,22012,5332,4157,41467,7540,146292,136715,140108,158819,151419,362756,34.5,32.3,31.4,,29.5,62.3,32.3,258124,4156560,8712046,19302,12104,,58735,,,58735,1138290
2007,13193999,124267,93698,279218,372916,32696,91571,21.2,4.9,82.2,1.0212,,0.4981,2790,348,27827,24076,7762,20065,4011,3751,12124964,1069035,548,,52686,30384,1.73,3382,21737,5265,4209,41037,7440,145070,150006,140429,143822,162533,364048,33.1,31.9,31.1,,27.6,62.8,31.9,285733,4208886,8985113,20369,12666,,45057,,,45057,1177769
2008,13508509,123502,93149,265593,358742,31100,92402,20.9,5.1,82.3,1.0209,,0.4979,2818,348,28109,24308,7795,20314,3994,3801,12425224,1083285,555,,52494,30312,1.74,3410,21656,5246,4255,40826,7413,124801,148603,153538,143961,147354,361993,33.1,31.5,30.6,,27.8,63.4,31.5,281459,4255180,9253329,21449,13243,,39893,,,39893,1211655
2009,13824854,119722,92598,280106,372704,32800,86922,19.8,5,82.4,1.0198,,0.4978,2865,344,28424,24329,7736,20387,3942,3794,12743564,1081290,568,,51736,29168,1.74,3406,20739,5023,4258,40223,7255,141091,128526,152328,157263,147686,363048,32.1,30.8,30.4,,28,62.7,30.8,327195,4258055,9566799,21047,13725,,48711,,,48711,1254307
2010,14131467,120528,92048,272814,364862,31946,88582,18.8,5.2,82.5,1.0188,,0.4977,2896,340,28660,24894,7743,20917,3977,3766,13058157,1073310,568,,52225,30563,1.72,3393,21872,5298,4244,40549,7432,165775,144719,132154,155957,160892,369373,33.7,30.8,29.9,,28.2,61.7,30.8,226275,4352492,9778975,22387,14099,,50243,,,50243,1298027
2011,14441346,119917,91499,281312,372811,32941,86976,18.2,5.3,82.6,1.0182,,0.5,2946,340,28784,25049,7680,21104,3945,3735,13376871,1064475,578,,55410,33261,1.66,4930,22807,5524,5778,41957,7675,162573,169516,148461,135896,159698,375389,33.5,30.3,29.7,,28.5,60.9,30.3,300892,4375728,10065618,22943,14249,,54158,,,54158,1345305
2012,14782473,122273,90948,272330,363278,31889,90384,18,5.5,82.7,1.018,,0.5,3005,347,29014,25333,7613,21401,3932,3681,13733388,1049085,586,,58990,37793,1.65,4978,26110,6705,6210,44221,8559,154273,166195,173138,152083,139518,383535,34.4,29.9,29.5,,34.9,59.4,29.9,311065,4419959,10362514,24029,14169,,15278,,,15278,1353183
2013,15082028,115486,90398,282945,373343,33132,82354,17.5,5.7,82.8,1.0175,,0.5,3050,405,29253,25626,7546,21707,3919,3627,14048333,1033695,592,,83035,60217,1.62,5398,32081,22737,6643,53142,23250,157086,158036,169958,176901,155846,391680,31.5,29.6,29.3,,39,59.2,29.6,269936,4464280,10617748,25194,14702,,58980,,,58980,1404450
2014,15372337,116409,89849,296803,386652,34755,81654,17.4,5.9,82.9,1.0174,,0.5,3114,406,29621,26048,7497,22124,3924,3573,14354032,1018305,594,,85147,48437,1.59,5392,26649,16395,6742,53238,25167,155768,161034,161983,173905,180849,395877,30.8,29.5,29.3,,30.4,60.7,29.5,235495,4534839,10837498,26503,15745,,80655,,,80655,1476818
2015,15634199,114550,89298,257402,346700,30141,84409,17,6.1,83,1.017,,0.5,3174,418,30016,26497,7450,22566,3931,3519,14631284,1002915,595,,74079,44922,1.6,4852,26083,13986,6200,47779,20000,158088,159191,164457,165407,177329,400073,32,29.4,29.3,,30.7,61.8,29.4,216334,4596455,11037744,27804,16088,,66198,,,66198,1534006
2016,15882417,109246,88749,240131,328880,28119,81127,16.6,6.3,83,1.0166,,0.5,3266,421,30304,26839,7361,22943,3896,3465,14894892,987525,597,,70946,43396,1.61,4371,25563,13462,5584,46819,18543,154679,161282,162385,167651,168601,404270,31,29.3,29.6,,30.7,62.6,29.3,207867,4653548,11228869,29088,16742,,55329,,,55329,1579670
2017,16118169,106771,86032,233729,319761,27369,79402,16.4,6.6,83,1.0164,,0.5,3341,421,30506,27095,7282,23224,3871,3411,15146034,972135,600,,67049,40032,1.6,3614,24376,12042,4707,45310,17032,154223,157788,164391,165494,170759,,30.3,29.2,29.8,,29.3,,29.2,200642,4706505,11411664,30836,17847,,56065,,,56065,1625309
2018,16367030,106852,86997,250923,337920,29383,77469,16.3,7,83.1,1.0163,,0.5,3369,407,30442,27250,7065,23377,3873,3192,15457310,909720,603,,64052,40033,1.6,3844,24091,12098,4748,43167,16137,157725,157560,161125,167728,168831,,,,,,,,29,225831,4747653,11619376,32771,18118,,,,,58025,1671956
2019,16610582,106760,86556,248826,335382,29137,77623,16.2,7.3,83.2,1.0162,,0.5,3446,389,30919,27781,7017,23902,3879,3138,15716252,894330,607,,63930,39910,1.6,3825,23866,12219,4786,42829,16315,157302,161034,160870,164434,171037,,,,,,,,28.9,223943,4785902,11824680,34473,18639,,,,,58921,1718671
2020,16849714,107098,88257,246730,334987,28892,78206,16.2,7.5,83.3,1.0162,,0.5,3479,386,31109,28025,6969,24140,3885,3084,15970774,878940,611,,63319,39372,1.6,3866,23697,11809,4822,42490,16007,156419,160583,164316,164151,167716,,,,,,,,28.7,222057,4822174,12027540,35701,19197,,,,,59798,1765578
2021,17083184,106917,83358,244633,327991,28646,78271,16.1,7.8,83.4,1.0161,,0.5,3510,382,31286,28256,6921,24365,3891,3030,16219634,863550,615,,62385,38761,1.6,3889,23662,11211,4855,42258,15272,152245,159673,163837,167569,167405,,,,,,,,28.5,220170,4855486,12227698,37409,20012,,,,,60659,1812465
2022,17311778,107172,84024,242537,326561,28401,78771,16.1,8.1,83.5,1.0161,,0.5,3539,382,31447,28471,6873,24574,3897,2976,16463618,848160,619,,62206,38949,1.6,3914,23591,11444,4886,42122,15198,150362,155471,162899,167063,170795,,,,,,,,28.3,218283,4886298,12425480,39115,20501,,,,,61499,1859283
2023,17535392,106895,82682,240440,323122,28155,78740,16,8.3,83.6,1.016,,0.5,3566,383,31594,28672,6825,24769,3903,2922,16702622,832770,623,,62282,38913,1.6,3937,23158,11819,4915,41715,15652,150648,153560,158668,166096,170260,,,,,,,,28.1,216396,4914581,12620811,40334,21065,,,,,62322,1906172
2024,17754624,106572,78854,238344,317198,27910,78662,15.9,8.6,83.7,1.0159,,0.5,3591,381,31727,28859,6777,24950,3909,2868,16937244,817380,628,,61802,38455,1.6,3956,22660,11839,4940,40986,15876,144771,153818,156730,161838,169266,,,,,,,,27.9,214510,4939828,12814796,42032,20525,,,,,63127,1952905
2025,17968665,106196,77067,236247,313314,27664,78532,15.8,8.8,83.8,1.0158,,0.5,3614,375,31841,29027,6729,25112,3915,2814,17166675,801990,633,,60568,37496,1.6,3974,22216,11305,4963,40182,15423,145786,147913,156960,159872,164980,,,,,,,,27.7,212622,4962504,13006161,43228,21257,,,,,63917,1999636
2026,18177402,105777,77126,234151,311277,27419,78358,15.7,9,83.9,1.0157,,0.5,3634,367,31940,29180,6681,25259,3921,2760,17390802,786600,637,,59065,36568,1.6,3989,21698,10880,4983,39290,14792,143637,148900,151028,160074,162986,,,,,,,,27.5,210736,4982597,13194805,44412,22092,,,,,64687,2046326
2027,18380297,105312,77059,232054,309113,27173,78139,15.6,9.3,84,1.0156,,0.5,3653,362,32024,29318,6633,25391,3927,2706,17609087,771210,642,,58086,36145,1.6,4003,21316,10827,5000,38519,14567,146346,146723,151986,154114,163160,,,,,,,,27.3,208849,4999600,13380697,46076,22957,,,,,65439,2092734
2028,18579489,104798,77303,229958,307261,26928,77870,15.5,9.2,84.1,1.0155,,0.5,3670,355,32093,29441,6585,25508,3933,2652,17823669,755820,647,,56763,35076,1.6,4014,20824,10237,5015,37734,14014,137718,149404,149781,155045,157172,,,,,,,,27,206962,5015490,13563998,45734,23661,,,,,66169,2139649
2029,18772657,104262,77173,227861,305034,26682,77580,15.4,9.4,84.2,1.0154,,0.5,3685,348,32152,29554,6537,25615,3939,2598,18032227,740430,652,,55460,34415,1.6,4025,20725,9665,5029,37196,13235,136234,140749,152435,152812,158075,,,,,,,,26.8,205075,5028777,13743879,46875,25194,,,,,66886,2186422
2030,18959723,103686,77357,225765,303122,26437,77249,15.3,9.6,84.3,1.0153,,0.5,3699,343,32196,29652,6489,25707,3945,2544,18234683,725040,657,,54578,33930,1.6,4033,20195,9702,5039,36555,12984,137972,139237,143751,155438,155814,,,,,,,,26.6,203189,5039461,13920262,47997,26805,,,,,67582,2233014
2031,19141204,103067,77157,223668,300825,26191,76876,15.2,9.7,84.4,1.0152,,0.5,3710,342,32225,29735,6441,25784,3951,2490,18431554,709650,662,,54177,33819,1.6,4040,19701,10078,5048,35751,13378,134219,140947,142212,146726,158412,,,,,,,,26.4,201301,5048042,14093163,48598,28401,,,,,68255,2279608
2032,19318504,102416,76924,221572,298496,25946,76470,15.1,9.8,84.5,1.0151,,0.5,3720,335,32244,29808,6393,25851,3957,2436,18624244,694260,667,,52923,32631,1.6,4045,19169,9417,5055,34891,12977,132245,137166,143894,145159,149673,,,,,,,,26.2,199415,5054527,14263977,49180,28600,,,,,68908,2326175
2033,19492106,101732,76652,219475,296127,25700,76032,15,9.8,84.6,1.015,,0.5,3729,324,32252,29870,6345,25907,3963,2382,18813236,678870,673,,51014,31435,1.6,4048,18854,8533,5059,34085,11870,130125,135164,140085,146813,148078,,,,,,,,26,197528,5059418,14432687,49241,28817,,,,,69547,2372925
2034,19660353,101532,76350,217379,293729,25455,76077,15,10,84.7,1.015,,0.5,3736,319,32249,29921,6297,25952,3969,2328,18996873,663480,678,,50125,31264,1.6,4050,18521,8693,5062,33461,11602,129811,133017,138055,142976,149704,,,,,,,,25.8,195641,5062224,14598129,50292,30200,,,,,70172,2419367
2035,19823367,100792,76014,215282,291296,25209,75583,14.9,10.1,84.8,1.0149,,0.5,3742,316,32233,29959,6249,25984,3975,2274,19175277,648090,684,,49414,30656,1.6,4050,18027,8579,5063,32764,11587,129925,132674,135880,140918,145839,,,,,,,,25.6,193754,5062947,14760421,50821,31462,,,,,70777,2465708
2036,19981787,100530,75643,213186,288829,24964,75566,14.9,10.3,84.9,1.0149,,0.5,3746,309,32206,29986,6201,26005,3981,2220,19349087,632700,689,,48222,29829,1.6,4049,17683,8096,5062,32045,11115,129522,132761,135509,138715,143753,,,,,,,,25.4,191867,5061599,14920188,51832,32100,,,,,71364,2511675
2037,20135687,99730,75256,211089,286345,24718,75012,14.8,10.4,85,1.0148,,0.5,3748,302,32167,30001,6153,26014,3987,2166,19518377,617310,695,,47033,29136,1.6,4046,17429,7661,5058,31478,10497,129553,132329,135568,138317,141523,,,,,,,,25.2,189980,5058185,15077502,52319,32667,,,,,71934,2557487
2038,20284745,99408,74841,208993,283834,24473,74935,14.8,10.6,85.1,1.0148,,0.5,3749,298,32115,30003,6105,26010,3993,2112,19682825,601920,701,,46145,28663,1.6,4042,17248,7373,5053,31058,10034,129054,132333,135109,138348,141097,,,,,,,,25,188094,5052718,15232027,53286,33569,,,,,72488,2602865
2039,20428663,98549,74394,206896,281290,24227,74322,14.7,10.8,85.2,1.0147,,0.5,3749,295,32052,29994,6057,25995,3999,2058,19842133,586530,707,,45588,28390,1.6,4035,17081,7275,5045,30731,9812,128507,131805,135084,137861,141099,,,,,,,,24.8,186206,5044702,15383961,54230,34272,,,,,73025,2647779
2040,20567120,98160,73924,204799,278723,23981,74179,14.7,11,85.3,1.0147,,0.5,3746,293,31973,29969,6009,25964,4005,2004,19995980,571140,713,,45118,28084,1.6,4026,16887,7171,5035,30408,9675,127908,131231,134529,137808,140584,,,,,,,,24.5,184319,5034656,15532464,55143,35816,,,,,73543,2692196
2041,20700432,97238,73430,202703,276133,23736,73502,14.6,11.2,85.4,1.0146,,0.5,3742,291,31883,29933,5961,25922,4011,1950,20144682,555750,719,,44642,27791,1.6,4015,16688,7088,5022,30063,9557,127266,130604,133927,137225,140504,,,,,,,,24.3,182433,5022091,15678340,56031,36556,,,,,74042,2736085
2042,20829530,96784,73286,200606,273892,23490,73294,14.6,11.3,85.5,1.0146,,0.5,3736,288,31779,29883,5913,25866,4017,1896,20289170,540360,726,,44140,27465,1.6,4004,16462,7000,5008,29689,9443,126578,129934,133272,136595,139893,,,,,,,,24.1,180545,5008027,15821503,56387,37383,,,,,74522,2779689
2043,20953927,96309,72752,198510,271262,23245,73064,14.6,11.5,85.6,1.0146,,0.5,3728,286,31666,29824,5865,25801,4023,1842,20428957,524970,733,,43574,27095,1.6,3991,16232,6872,4992,29290,9292,125841,129218,132574,135913,139235,,,,,,,,23.9,178659,4991980,15961948,57221,38214,,,,,74986,2822708
2044,21073770,95805,72563,196413,268976,22999,72806,14.6,11.5,85.7,1.0146,,0.5,3720,283,31542,29754,5817,25725,4029,1788,20564190,509580,739,,42972,26715,1.6,3977,15997,6741,4975,28878,9119,125082,128453,131831,135186,138525,,,,,,,,23.7,176772,4974958,16098812,57034,39907,,,,,75434,2865680
2045,21186957,94791,71985,194317,266302,22754,72037,14.5,11.7,85.8,1.0145,,0.5,3710,280,31409,29675,5769,25640,4035,1734,20692767,494190,746,,42361,26332,1.6,3961,15760,6611,4955,28460,8946,124283,127667,131037,134415,137771,,,,,,,,23.5,174885,4955490,16231468,57825,42230,,,,,75866,2908017
2046,21296060,94240,71753,192220,263973,22508,71732,14.5,11.8,85.9,1.0145,,0.5,3698,276,31266,29586,5721,25545,4041,1680,20817260,478800,753,,41740,25941,1.6,3945,15519,6477,4935,28036,8769,123441,126839,130223,133594,136972,,,,,,,,23.2,172998,4934592,16361469,58087,42997,,,,,76273,2949975
2047,21400594,93670,71133,190124,261257,22263,71407,14.5,11.9,86,1.0145,,0.5,3686,273,31113,29487,5673,25440,4047,1626,20937184,463410,760,,41109,25544,1.6,3926,15276,6342,4912,27608,8589,122566,125970,129368,132752,136123,,,,,,,,23,171112,4912279,16488315,58329,44266,,,,,76666,2991536
2048,21500083,93078,70852,188027,258879,22017,71061,14.5,12,86.1,1.0145,,0.5,3672,270,30951,29379,5625,25326,4053,1572,21052063,448020,768,,40471,25144,1.6,3908,15031,6206,4889,27174,8408,121660,125067,128470,131868,135252,,,,,,,,22.8,169224,4888569,16611514,58549,46025,,,,,77042,3032679
2049,21595757,92468,70186,185931,256117,21772,70696,14.5,12.2,86.2,1.0145,,0.5,3658,266,30783,29265,5577,25206,4059,1518,21163127,432630,775,,39829,24742,1.6,3886,14784,6072,4863,26738,8228,121236,124133,127540,130943,134341,,,,,,,,22.6,167338,4862996,16732761,59234,46091,,,,,77400,3073080
2050,21686819,91830,69859,183834,253693,21526,70304,14.5,12.2,86.3,1.0145,,0.5,3642,261,30603,29139,5529,25074,4065,1464,21269579,417240,783,,39178,24333,1.6,3865,14533,5934,4837,26295,8046,120273,123681,126578,129985,133388,,,,,,,,22.4,165451,4836544,16850275,58920,47937,,,,,77745,3113333
2051,21771774,90698,69516,181738,251254,21281,69417,14.4,12.3,86.4,1.0144,,0.5,3624,257,30416,29006,5481,24935,4071,1410,21369924,401850,790,,38523,23923,1.6,3842,14302,5780,4808,25868,7847,119788,122691,126098,128995,132402,,,,,,,,22.1,163564,4808267,16963507,59076,50332,,,,,78073,3153112
2052,21851517,90025,69152,179641,248793,21035,68990,14.4,12.3,86.5,1.0144,,0.5,3606,252,30219,28863,5433,24786,4077,1356,21465057,386460,798,,37864,23511,1.6,3819,14069,5623,4779,25449,7636,118765,122177,125080,128487,131384,,,,,,,,21.9,161677,4779151,17072365,58727,52819,,,,,78378,3192706
2053,21924736,89341,68420,177545,245965,20790,68551,14.4,12.3,86.6,1.0144,,0.5,3587,248,30016,28714,5385,24631,4083,1302,21553666,371070,806,,37261,23155,1.6,3794,13855,5506,4749,25051,7461,118220,121127,124538,127441,130849,,,,,,,,21.7,159791,4749215,17175521,58367,56635,,,,,78665,3232100
2054,21991715,88645,68022,175448,243470,20544,68101,14.4,12.4,86.7,1.0144,,0.5,3567,245,29808,28560,5337,24471,4089,1248,21636035,355680,814,,36675,22782,1.6,3769,13624,5389,4718,24653,7304,117138,120553,123460,126872,129775,,,,,,,,21.5,157903,4718007,17273708,58469,59716,,,,,78929,3270950
2055,22055657,87462,67611,173352,240963,20299,67163,14.3,12.4,86.8,1.0143,,0.5,3547,241,29596,28402,5289,24307,4095,1194,21715367,340290,822,,36096,22427,1.6,3744,13410,5273,4686,24260,7150,116526,119444,122859,125766,129177,,,,,,,,21.3,156017,4685553,17370104,58081,59621,,,,,79170,3309560
2056,22113383,86733,67184,171255,238439,20053,66680,14.3,12.5,86.9,1.0143,,0.5,3525,237,29373,28233,5241,24132,4101,1140,21788483,324900,830,,35506,22049,1.6,3716,13176,5157,4652,23860,6994,115381,118804,121721,125136,128043,,,,,,,,21.1,154130,4651869,17461514,58142,62720,,,,,79400,3347590
2057,22158612,85989,66743,169159,235902,19808,66181,14.3,12.5,87,1.0143,,0.5,3501,233,29136,28050,5193,23943,4107,1086,21849102,309510,838,,34920,21690,1.6,3688,12960,5042,4617,23462,6841,114704,117631,121054,123971,127386,,,,,,,,20.9,152243,4617446,17541166,57720,72591,,,,,79608,3385353
2058,22200003,84774,66283,167062,233345,19562,65212,14.2,12.6,87.1,1.0142,,0.5,3478,229,28904,27872,5145,23759,4113,1032,21905883,294120,846,,34334,21320,1.6,3659,12730,4930,4581,23063,6690,114006,116926,119853,123276,126193,,,,,,,,20.7,150356,4581408,17618594,57747,72928,,,,,79771,3422468
2059,22235349,84001,65466,164966,230432,19317,64684,14.2,12.6,87.2,1.0142,,0.5,3453,225,28661,27683,5097,23564,4119,978,21956619,278730,854,,33754,20962,1.6,3630,12515,4817,4545,22669,6540,113279,116200,119120,122047,125470,,,,,,,,20.5,148469,4544694,17690655,57292,76409,,,,,79920,3459264
2060,22265443,83217,64980,162869,227849,19071,64146,14.2,12.6,87.3,1.0142,,0.5,3428,221,28414,27490,5049,23365,4125,924,22002103,263340,863,,33165,20588,1.6,3599,12339,4649,4507,22320,6338,112042,115445,118366,121286,124213,,,,,,,,20.3,146582,4507322,17758122,56829,79115,,,,,80047,3495724
,,,,,,,,,,,,,,,,,,,,,,,,,,,,,,,,,,,,,,,,,,,,,,,,,,,,,,,,,,
,,Sources of Information,,,,,,,,,,,,,,,,,,,,,,,,,,,,,,,,,,,,,,,,,,,,,,,,,,,,,,,,
,,,"2013 Church Almanac, Deseret News, pages 210-213",,,,,,,,,,,,,,,,,,,,,,,,,,,,,,,,,,,,,,,,,,,,,,,,,,,,,,,
,,,"Conference Reports of the Church of Jesus Christ of Latter-day Saints, 1901-2016",,,,,,,,,,,,,,,,,,,,,,,,,,,,,,,,,,,,,,,,,,,,,,,,,,,,,,,
,,,"Conference Reports of the Church of Jesus Christ of Latter-day Saints, 1997-2007, reported as Increase of Children of Record",,,,,,,,,,,,,,,,,,,,,,,,,,,,,,,,,,,,,,,,,,,,,,,,,,,,,,,
,,,"Utah Vital Statistics, Births and Deaths, Utah Department of Health, 2017",,,,,,,,,,,,,,,,,,,,,,,,,,,,,,,,,,,,,,,,,,,,,,,,,,,,,,,
,,,"Lifestyle and reduced mortality among active California Mormons, Enstrom & Breslow, 19802004, and Life expectancy among LDS and Non-LDS in Utah, Merrill, 2004",,,,,,,,,,,,,,,,,,,,,,,,,,,,,,,,,,,,,,,,,,,,,,,,,,,,,,,
,,,"Social Research on the LDS Church and its Members, Chapter 4: Vital Statistics, Tim B. Heaton, Brigham Young University, 1998",,,,,,,,,,,,,,,,,,,,,,,,,,,,,,,,,,,,,,,,,,,,,,,,,,,,,,,
,,,"U.S. Bureau of the Census, General Population Characteristics: Utah, 1850-2010",,,,,,,,,,,,,,,,,,,,,,,,,,,,,,,,,,,,,,,,,,,,,,,,,,,,,,,
,,,http://www.ldschurchtemples.com/statistics/units/,,,,,,,,,,,,,,,,,,,,,,,,,,,,,,,,,,,,,,,,,,,,,,,,,,,,,,,
,,,"Seminaries and Institutes of Religion, Annual Report for 2012, & LDS seminary enrollment reaches all-time high, Deseret News, April 24, 2013",,,,,,,,,,,,,,,,,,,,,,,,,,,,,,,,,,,,,,,,,,,,,,,,,,,,,,,
,,,Worldwide Statistics (2016). Mormon Newsroom (https://www.mormonnewsroom.org/facts-and-statistics),,,,,,,,,,,,,,,,,,,,,,,,,,,,,,,,,,,,,,,,,,,,,,,,,,,,,,,
,,,"Fertility and Mortality in the United States, Michael Haines, Colgate University, Table 1",,,,,,,,,,,,,,,,,,,,,,,,,,,,,,,,,,,,,,,,,,,,,,,,,,,,,,,
,,,"Did the 1918 influenza cause the twentieth century cardiovascular mortality epidemic in the United States?, Steven Tate, Jamie J. Namkung and Andrew Noymer (2016), Figure 2, Men/Women Average",,,,,,,,,,,,,,,,,,,,,,,,,,,,,,,,,,,,,,,,,,,,,,,,,,,,,,,
,,,"Need for Missionary Couples Continues to Grow, Ensign, March 2006",,,,,,,,,,,,,,,,,,,,,,,,,,,,,,,,,,,,,,,,,,,,,,,,,,,,,,,
,,,"LDS Church Desperately Needs More Senior Missionaries, Deseret News, Sep 14, 2011",,,,,,,,,,,,,,,,,,,,,,,,,,,,,,,,,,,,,,,,,,,,,,,,,,,,,,,
,,,"Church Provides Additional Missionary Statistics, Mormon Newsroom, April 5, 2014",,,,,,,,,,,,,,,,,,,,,,,,,,,,,,,,,,,,,,,,,,,,,,,,,,,,,,,
,,,"Senior Missionaries Answer Call to Serve, Mormon Newsroom, Feb 20, 2015",,,,,,,,,,,,,,,,,,,,,,,,,,,,,,,,,,,,,,,,,,,,,,,,,,,,,,,
,,,"Elder Nielson Provides Church Missionary Update After Surge, Mormon Newsroom, March 31, 2016",,,,,,,,,,,,,,,,,,,,,,,,,,,,,,,,,,,,,,,,,,,,,,,,,,,,,,,
,,,Projected Future Data,,,,,,,,,,,,,,,,,,,,,,,,,,,,,,,,,,,,,,,,,,,,,,,,,,,,,,,
,,,Estimated Data,,,,,,,,,,,,,,,,,,,,,,,,,,,,,,,,,,,,,,,,,,,,,,,,,,,,,,,
